ID_TASK	Hành động	Đối tượng	Mục đích	Phương thức	Thời gian	Số lượng	Chất lượng	Mức độ áp dụng	Trạng thái (Thực thi)	% tiến độ (Hoàn thành)	Thay đổi / Pivot	Tiến độ	Đánh giá	Ưu điểm	Nhược điểm	Bài học / Kinh nghiệm	Lỗi sai	Hiệu suất	Quyết định	Điều kiện kích hoạt	Rủi ro	Ảnh hưởng	Thuộc hệ	Người chịu trách nhiệm	NEXT ACTION	Thời gian bắt đầu (Start Time)	Thời gian kết thúc (End Time)	Thời lượng (Duration)	Nguồn bằng chứng (Evidence Source)	Điểm /10	Đề xuất nâng cấp	Tự động thực thi (AUTO EXECUTE)	Quy tắc tự chạy	Cần duyệt tay	Bottleneck
TASK_001	Số hóa Dữ liệu Sản phẩm	Hệ thống MasterOS	Chuyển đổi dữ liệu thô thành định dạng chuẩn để tải lên hệ thống tự động.	Trích xuất thông tin, gộp file thành kella_products_sheet.csv.	Giai đoạn 1	245 sản phẩm	Dữ liệu thô, cơ bản, chưa có định dạng thẩm mỹ.	Cơ sở dữ liệu lõi	Hoàn thành	100	Không có	Hoàn thành	Đạt yêu cầu cốt lõi.	Tạo ra bộ khung dữ liệu chuẩn xác.	Chỉ là text thô, thiếu hồn thương hiệu.	Dữ liệu cần phải sạch trước khi thao tác API.	Không có	Rất cao	Scale	Nếu đọc được 245 dòng từ file CSV trong 1 giây đầu tiên và số ô trống (null) < 5% -> chạy lệnh nạp data.	Low	8	Data	Antigravity	Chạy file python validate.py quét 245 dòng. Nếu fail (phát hiện dòng trống) -> dừng script và in lỗi dòng.	2026-04-29T20:22:37Z	2026-04-29T20:23:01Z	24s	output script	9/10	Bổ sung module check khoảng trắng (whitespace) và null.	Conditional	Chạy ngay nếu file CSV checksum thay đổi	Không	Không
TASK_002	Phá vỡ Giới hạn Giao diện (Bypass UI)	MasterOS API	UI của MasterOS giới hạn upload thủ công chậm chạp, cần đẩy nhanh tiến độ.	Phân tích Network Tab, viết script Playwright (upload_all.py) gọi thẳng API ẩn.	Giai đoạn 1	245 request API	Tốc độ máy tính, không sai sót con người.	Hệ thống Backend	Hoàn thành	100	Đổi từ upload tay sang API.	Hoàn thành	Đột phá kỹ thuật.	Nhanh, tự động hóa 100%, tiết kiệm hàng tuần làm việc.	Cần maintain token/OTP khi session hết hạn.	Có thể bypass UI nếu nắm được endpoint API nội bộ.	Không có	Tối đa	Continue	Nếu có 245 request HTTP 200 OK trả về trong 10 phút đầu tiên -> tiếp tục đẩy data.	High	10	Backend	Antigravity	Viết try-catch trong vòng lặp POST. Nếu trả về lỗi HTTP 401 hoặc 403 quá 3 lần -> thoát chương trình (exit 1) báo lỗi Token.	KHÔNG XÁC ĐỊNH	KHÔNG XÁC ĐỊNH	KHÔNG XÁC ĐỊNH	log API	10/10	Viết thêm cơ chế retry tự động khi rớt mạng.	Conditional	Chỉ chạy khi Auth Token còn hiệu lực	Có	Không
TASK_003	Đồng bộ Hình ảnh Thực tế	Cơ sở dữ liệu Sản phẩm	Gắn hình ảnh trực quan vào 245 mã hàng để dễ quản lý.	Viết script update_images.py quét file CSV và dùng PUT request ghi đè link ảnh.	Giai đoạn 2	245 ảnh sản phẩm	Hình ảnh sắc nét, lấy từ nguồn Kella.vn	Hệ thống Backend	Hoàn thành	100	Không có	Hoàn thành	Thành công tuyệt đối.	Hình ảnh khớp chính xác với SKU/Tên.	Chạy tuần tự nên tốn chút thời gian chờ.	Quản lý dữ liệu theo ID sinh ra từ MasterOS rất quan trọng.	Không có	Rất cao	Scale	Nếu xác thực được 245 URL ảnh trả lời HTTP 200 trong 5 phút quét đầu tiên -> thực hiện ghi đè dữ liệu.	Low	7	Backend	Antigravity	"Chạy lệnh requests.get ping thử 245 URL. Nếu URL trả về HTTP 404 -> in ""Missing Image"" và bỏ qua không PUT URL đó."	KHÔNG XÁC ĐỊNH	KHÔNG XÁC ĐỊNH	KHÔNG XÁC ĐỊNH	log API	9/10	Add progress bar vào console log.	Conditional	Chạy nếu số file ảnh quét được > 0	Có	Không
TASK_004	Thử nghiệm Bố cục Chia cột (Split-Column)	Sản phẩm Test (Kem Uốn)	Tạo giao diện Masterclass/E-commerce lồng ghép vào 1 nội dung.	Viết mã HTML/CSS chia cột (Flexbox/Grid) nhồi vào trường Description.	Giai đoạn 3	1 Sản phẩm test	Bị lỗi trên nền tảng.	Giao diện Frontend	Lỗi	0	Thay vì dùng Flexbox, chuyển sang Inline CSS.	Tạm dừng	Không khả thi trên MasterOS.	Ý tưởng táo bạo.	Hệ thống React/MDX của MasterOS tự động vô hiệu hóa code phức tạp.	Nắm được giới hạn Frontend của nền tảng đích.	"Lỗi hiển thị ""eslint-disable-line"" trên Web."	Thấp	Stop	"Nếu thấy 1 chuỗi ""eslint-disable-line"" xuất hiện trên DOM web mục tiêu trong 30 giây render -> lập tức đánh dấu kiến trúc là Hỏng."	High	9	Frontend	MasterOS	Lệnh xóa vĩnh viễn file kella_dual_engine.html khỏi kho source code. Nếu không xóa được -> ném lỗi Permission Denied.	KHÔNG XÁC ĐỊNH	KHÔNG XÁC ĐỊNH	KHÔNG XÁC ĐỊNH	tin nhắn user	3/10	Cần validate payload HTML với MDX parser trước khi gửi.	No	Chờ user	Có	Không
TASK_005	Báo cáo & Lựa chọn Kiến trúc Top 10	Người dùng (Thuyền trưởng)	Định hướng phong cách thiết kế Website thay vì mò mẫm vô hướng.	Phân tích 10 Website nghìn tỷ đô (Oribe, Kerastase, Chanel...) tạo file Báo cáo.	Giai đoạn 4	10 Mô hình tỷ đô	Nghiên cứu thị trường chuyên sâu cấp độ Art Director.	Định hướng Chiến lược	Hoàn thành	100	Không có	Hoàn thành	Tuyệt vời.	Cho góc nhìn tổng quan, dễ đưa ra quyết định chốt.	Chỉ là lý thuyết, cần phải code thực tế mới thấy rõ.	"Chiến lược ""Đứng trên vai người khổng lồ"" luôn hiệu quả."	Không có	Cao	Continue	"Nếu nhận được 1 câu trả lời từ User chỉ định tên mô hình cụ thể (VD: ""Oribe"") trong phiên làm việc hiện tại -> chốt file thiết kế."	Low	8	Strategy	User	"Đổi định nghĩa hằng số STYLE_MODEL = ""Oribe"" trong hệ thống code. Nếu biến chưa được gán -> dừng thiết kế, hỏi lại user."	2026-04-29T20:23:37Z	2026-04-29T20:23:38Z	1s	thời gian sửa file	10/10	Không cần	No	Chờ user	Có	Không
TASK_006	Giả lập Giao diện Dual-Engine	Giao diện Storefront (Web tĩnh)	Mix Top 1 (Oribe) và Top 2 (Kerastase) thành 1 màn hình Split-screen 50/50 theo lệnh user.	Lập trình file kella_dual_engine.html với lưới sản phẩm và Cửa sổ kép (Dual-Modal).	Giai đoạn 5	1 Trang Web tĩnh (5 sp demo)	Giao diện đột phá, chưa từng có tiền lệ.	Mô hình Demo Local	Đã hủy	100	Bị hủy bỏ ngay sau đó theo lệnh User.	Đã hoàn thành nhưng hủy bỏ	Quá phức tạp và rườm rà cho E-commerce thực chiến.	Thị giác cực mạnh, độc nhất vô nhị.	Mất sự tập trung, khách hàng sẽ bị ngợp thông tin.	Đôi khi sự tối giản (Top 1) là chân lý, không nên lai tạp.	Không có (nhưng bị loại bỏ)	Rất cao	Pivot	"Nếu nhận được 1 tin nhắn ""THÔI, HÃY LÀM Y CHANG TOP 1"" trong vòng 1 phút sau khi trình diễn giao diện -> ra lệnh hủy code đang chạy."	Medium	8	Frontend	User	Chạy lệnh OS di chuyển kella_dual_engine.html vào thư mục archive. Nếu lỗi đường dẫn -> tạo thư mục archive.	2026-04-29T20:39:15Z	2026-04-29T20:39:19Z	4s	thời gian sửa file	7/10	Không cần	No	Chờ user	Có	Không
TASK_007	Quay xe sang Kiến trúc Thuần ORIBE	Giao diện Storefront & Sản phẩm Test	Chốt thiết kế Đen/Vàng tối giản, xa xỉ tột bậc theo nguyên bản Top 1 thế giới.	Lập trình kella_oribe_edition.html và Script update_oribe_product.py (Inline CSS an toàn).	Giai đoạn 6	1 Trang Web tĩnh + 1 SP trên MasterOS	Thẩm mỹ xuất sắc, không lỗi trên MasterOS.	Mô hình Demo + Môi trường thật	Hoàn thành	100	Thay đổi từ Dual-Engine sang Oribe nguyên bản.	Hoàn thành	Hoàn hảo.	Tương thích 100% với nền tảng, thiết kế sang trọng, tải nhanh.	Cần tinh chỉnh copywriting cho hợp phong cách Oribe.	Sử dụng Inline CSS đơn giản là chìa khóa vượt tường lửa MasterOS.	Không có	Tối đa	Scale	"Nếu test 1 sản phẩm ""Kem Uốn Nóng"" trên web thật không bung khung trong 2 phút -> chốt dùng template CSS inline này."	Low	9	Frontend	Antigravity	Gắn chuỗi HTML Inline vào hàm generate_oribe_html() trong Python. Nếu chuỗi HTML chứa thẻ <script> -> báo lỗi Fail Parse.	2026-05-01T08:46:52Z	2026-05-01T08:48:20Z	88s	output script	10/10	Đóng gói thành hàm tái sử dụng cho script bulk upload.	Yes	Có thể tự chạy test trên môi trường staging	Có	Không
TASK_008	Soạn thảo Content Copywriting Oribe	245 Sản phẩm Kella	Biến mô tả thô sơ thành văn phong hoàng gia (Giới hạn, Nghi thức, Kiến tạo).	Quy hoạch 245 SP thành 6 Gia Tộc (Collections), viết Slogan cho từng nhóm.	Giai đoạn 7	6 Gia Tộc Sản phẩm	"Ngôn từ mang tính ""thôi miên"" và định vị giá trị cao (High-ticket)."	Bản Nháp (Draft)	Chờ duyệt	100	Chưa áp dụng API ngay theo lệnh User (chờ duyệt).	Đang chờ duyệt	Nội dung sắc bén, chuẩn văn phong xa xỉ.	Đồng bộ 245 sản phẩm thành một khối thống nhất có hồn.	Người dùng chưa được tự tay điều chỉnh câu chữ cho sát thực tế salon.	"Nội dung (Content) là vua. Giao diện đẹp phải đi đôi với chữ ""đắt""."	Không có	Cao	Pivot	"Nếu lệnh ""chưa chạy trên masteros bây giờ đâu"" xuất hiện trong chat -> ngắt toàn quyền truy cập mạng của tool API trong 10 giây."	Low	10	Content	User	Tạo và lưu file kella_product_copywriting_draft.md ra ổ cứng. Nếu lưu thất bại (Disk Full) -> cảnh báo User bằng text.	2026-05-01T10:38:37Z	2026-05-01T10:38:54Z	17s	output script	9/10	Cần bổ sung thêm meta description cho SEO.	Yes	Chạy ngay để xuất file nháp nếu source CSV có thay đổi	Không	Không
TASK_009	Tự động hóa Ghi đè Nội dung (Đã ngắt)	Hệ thống MasterOS	Áp dụng 245 nội dung Oribe lên MasterOS tự động.	Chạy script upload_oribe_descriptions.py.	Giai đoạn 7	Vài sản phẩm đầu tiên	Nội dung chuẩn Oribe HTML.	Môi trường thật (MasterOS)	Đã hủy	0	User yêu cầu duyệt nội dung trước khi đè lên MasterOS.	Đang chờ	Phản ứng kịp thời, dừng bot ngay lập tức.	Tránh sai sót hàng loạt, tôn trọng quyền kiểm soát của User.	Phải chạy lại bot sau khi duyệt xong.	"Luôn cần bước ""User Review"" trước khi thực hiện thao tác xóa đè (Overwrite) hàng loạt."	Bot chạy quá nhanh so với tốc độ duyệt của User.	Thấp (Do bị ngắt)	Stop	"Nếu sau 10 phút gửi Bản nháp mà chưa có tin nhắn ""Đồng ý"" từ User -> tự động huỷ bỏ script PUT."	High	10	Automation	Antigravity	Gửi lệnh Terminate=True để kill process upload. Nếu không tìm thấy PID -> báo lỗi Zombie Process.	2026-05-01T10:39:25Z	2026-05-01T10:41:12Z	107s	output script	8/10	Bổ sung webhook thông báo trạng thái qua Telegram/Zalo.	Conditional	Chỉ chạy sau khi biến User_Approved == True	Có	Có
TASK_010	INSIGHT: ĐIỂM NGHẼN DUYỆT NỘI DUNG	Quy trình vận hành	Nguyên nhân: Tốc độ đẩy API của Bot vượt quá khả năng review của User. Giải pháp: Thêm chốt chặn (Checkpoint).	Đóng băng bot tự động cập nhật API	Hiện tại	245 sản phẩm	Chờ duyệt	Quy trình quản lý	Tạm dừng	0	Chuyển quyền quyết định cho User	Đình trệ	Cần khai thông	Bảo đảm an toàn dữ liệu 100%	Chậm tiến độ	Nguyên nhân: Bot làm vượt quyền. Khắc phục: Yêu cầu Pre-flight approval trước mọi lệnh thao tác Database hàng loạt.	Chạy script đẩy API khi chưa chốt Text	Đình trệ	Stop	Nếu phát hiện thao tác ghi đè trên tập dữ liệu > 100 dòng nhưng User = False trong bảng trạng thái (Timeout 0s) -> kích hoạt khóa bảo vệ.	High	10	Review	User	Chờ User nhắn nội dung xác nhận. Nếu quá 24h User không phản hồi -> Xóa cache, tự động kết thúc session.	KHÔNG XÁC ĐỊNH	KHÔNG XÁC ĐỊNH	KHÔNG XÁC ĐỊNH	tin nhắn user	8/10	Xây dựng Dashboard duyệt nội dung trực quan thay vì đọc file MD.	No	Chờ user	Có	Có
TASK_011	INSIGHT: HẠN CHẾ CỦA FRONTEND MASTEROS	Nền tảng MasterOS	Nguyên nhân: MasterOS dùng MDX renderer tự động lọc bỏ CSS/JS phức tạp. Giải pháp: Ép dùng Inline CSS cấp thấp.	Chỉ định sử dụng Inline HTML/CSS cơ bản cho mọi mô tả SP	Tương lai	Tất cả giao diện	Bắt buộc	Kiến trúc Frontend	Hoàn thành	100	Từ bỏ Flexbox/Grid phức tạp	Thông suốt	Giải quyết triệt để rủi ro	Giao diện nhẹ, mượt, không lỗi hiển thị	Bị giới hạn khả năng sáng tạo hiệu ứng động (Hover/Animations)	Nguyên nhân: Ép cấu trúc DOM ngoại lai vào hệ thống kín. Khắc phục: Tuân thủ tuyệt đối luật Renderer của MasterOS.	Nhúng Script và Flexbox sai chỗ làm sập giao diện hiển thị	Tối đa	Continue	"Nếu bộ quét Regex phát hiện > 1 thẻ <style> hoặc từ khóa ""flex"" trong HTML payload trước khi gọi PUT API (Time = 0ms) -> Block Payload."	Low	9	Frontend	Antigravity	Bổ sung Regex.sub() loại bỏ tất cả <style> trong file upload.py. Nếu kết quả sau Regex vẫn còn thẻ cấm -> Raise ValueError.	KHÔNG XÁC ĐỊNH	KHÔNG XÁC ĐỊNH	KHÔNG XÁC ĐỊNH	log API	10/10	Viết thêm regex chặt chẽ hơn chặn các inline script ẩn.	Yes	Áp dụng bắt buộc cho mọi text đẩy lên DB	Không	Không
TASK_012	CONTROL TOÀN HỆ	Toàn bộ dự án Kella Storefront	Đo lường tiến độ tổng thể, đảm bảo 245 SKU lên MasterOS đúng deadline.	Quét đối chiếu checklist dự án với database server	Định kỳ 12h/lần	Toàn bộ hệ thống	Bắt buộc	Tổng thể (Macro)	Đang chạy	85	Khóa mục tiêu 245 SP	Giai đoạn cuối (Chờ Content)	Theo đúng lộ trình	Nắm được bức tranh lớn toàn dự án	Phụ thuộc tốc độ duyệt của con người	Không được đánh mất cái nhìn tổng quan khi sa đà fix bug.	Chưa xảy ra rủi ro hệ thống	Cao	Pivot	Nếu thời gian chờ User duyệt > 48h và Output (số lượng SP push thành công) = 0 -> kích hoạt chuyển hướng.	High	10	Strategy	Antigravity	Chuyển sang push trước 10 sản phẩm best-seller làm Test Run. Nếu API trả về mảng rỗng [] -> báo động đỏ toàn dự án.	2026-05-01T19:40:52Z	KHÔNG XÁC ĐỊNH	KHÔNG XÁC ĐỊNH	tin nhắn user	9/10	Tích hợp hệ thống cảnh báo qua sms nếu dự án chững lại > 48h.	Conditional	Tự động check tiến độ 12h/lần bằng CRON job	Không	Có
